ZIPCODE,BLDGZIP,PO_NAME,POPULATION,AREA,STATE,COUNTY,ST_FIPS,CTY_FIPS,URL,SHAPE_AREA,SHAPE_LEN,Demographi,Demograp_1,Demograp_2,Demograp_3,Demograp_4,Demograp_5,Demograp_6,Demograp_7,Demograp_8,Demograp_9,Demograp10,Demograp11,Demograp12,Demograp13,Demograp14,Demograp15,Demograp16,Demograp17,Demograp18,Demograp19,Demograp20,Demograp21,Demograp22,Demograp23,Demograp24,Demograp25,Demograp26,Demograp27,Demograp28,Demograp29,Demograp30,Demograp31,Demograp32,Demograp33,Demograp34,Demograp35,Demograp36,Demograp37,Demograp38,Demograp39,Demograp40,Demograp41,Demograp42,Demograp43,Demograp44,N_dirty_co,N_light_co,N_assaults
11436,0,Jamaica,18681.00000,22699295.45941,NY,Queens,36,081,http://www.usps.com/,0.00000,0.00000,0,0,0,0,0,0,0,0,0,0,0,0,0,0,0,0,0,0,0,0,0,0,0,0,0,0,0,0,0,0,0,0,0,0,0,0,0,0,0,0,0,0,0,0,0,8,17,2
11213,0,Brooklyn,62426.00000,29631004.43794,NY,Kings,36,047,http://www.usps.com/,0.00000,0.00000,38,17,0.45,21,0.55,0,0,38,100,0,0,0,0,0,0,0,0,32,0.84,0,0,6,0.16,0,0,38,100,1,0.03,37,0.97,0,0,0,0,38,100,10,0.26,28,0.74,0,0,38,100,16,43,35
11212,0,Brooklyn,83866.00000,41972104.07142,NY,Kings,36,047,http://www.usps.com/,0.00000,0.00000,10,8,0.8,2,0.2,0,0,10,100,0,0,1,0.1,0,0,1,0.1,0,0,7,0.7,1,0.1,0,0,10,100,1,0.1,9,0.9,0,0,0,0,10,100,0,0,10,1,0,0,10,100,19,17,61
11225,0,Brooklyn,56527.00000,23698630.12493,NY,Kings,36,047,http://www.usps.com/,0.00000,0.00000,52,52,1,0,0,0,0,52,100,0,0,0,0,0,0,0,0,52,1,0,0,0,0,0,0,52,100,0,0,52,1,0,0,0,0,52,100,22,0.42,30,0.58,0,0,52,100,6,31,24
11218,0,Brooklyn,72280.00000,36868798.98976,NY,Kings,36,047,http://www.usps.com/,0.00000,0.00000,111,97,0.87,14,0.13,0,0,111,100,0,0,1,0.01,0,0,3,0.03,95,0.86,6,0.05,6,0.05,0,0,111,100,8,0.07,102,0.92,1,0.01,0,0,111,100,51,0.46,60,0.54,0,0,111,100,23,31,10
11226,0,Brooklyn,106132.00000,39408598.27901,NY,Kings,36,047,http://www.usps.com/,0.00000,0.00000,10,7,0.7,3,0.3,0,0,10,100,0,0,6,0.6,0,0,0,0,0,0,4,0.4,0,0,0,0,10,100,0,0,10,1,0,0,0,0,10,100,4,0.4,6,0.6,0,0,10,100,19,21,51
11219,0,Brooklyn,92561.00000,42002738.46723,NY,Kings,36,047,http://www.usps.com/,0.00000,0.00000,214,182,0.85,32,0.15,0,0,214,100,0,0,1,0,0,0,1,0,205,0.96,0,0,6,0.03,1,0,214,99,2,0.01,212,0.99,0,0,0,0,214,100,112,0.52,102,0.48,0,0,214,100,19,40,14
11210,0,Brooklyn,67067.00000,47887022.99216,NY,Kings,36,047,http://www.usps.com/,0.00000,0.00000,36,12,0.33,24,0.67,0,0,36,100,0,0,0,0,0,0,0,0,33,0.92,0,0,3,0.08,0,0,36,100,0,0,36,1,0,0,0,0,36,100,11,0.31,25,0.69,0,0,36,100,16,18,20
11230,0,Brooklyn,80857.00000,49926703.39332,NY,Kings,36,047,http://www.usps.com/,0.00000,0.00000,248,194,0.78,54,0.22,0,0,248,100,0,0,1,0,0,0,7,0.03,216,0.87,2,0.01,17,0.07,5,0.02,248,100,3,0.01,245,0.99,0,0,0,0,248,100,42,0.17,206,0.83,0,0,248,100,29,22,14
11204,0,Brooklyn,77354.00000,43555184.61328,NY,Kings,36,047,http://www.usps.com/,0.00000,0.00000,37,17,0.46,20,0.54,0,0,37,100,0,0,0,0,0,0,0,0,36,0.97,0,0,1,0.03,0,0,37,100,1,0.03,36,0.97,0,0,0,0,37,100,19,0.51,18,0.49,0,0,37,100,17,19,4
10471,0,Bronx,23477.00000,89651407.05835,NY,Bronx,36,005,http://www.usps.com/,0.00000,0.00000,43,24,0.56,19,0.44,0,0,43,100,0,0,27,0.63,0,0,1,0.02,2,0.05,12,0.28,1,0.02,0,0,43,100,2,0.05,41,0.95,0,0,0,0,43,100,17,0.4,26,0.6,0,0,43,100,6,10,1
10470,0,Bronx,14740.00000,21543461.58139,NY,Bronx,36,005,http://www.usps.com/,0.00000,0.00000,,,,,,,,,,,,,,,,,,,,,,,,,,,,,,,,,,,,,,,,,,,,,,8,4,6
10466,0,Bronx,68942.00000,55262490.61246,NY,Bronx,36,005,http://www.usps.com/,0.00000,0.00000,65,39,0.6,26,0.4,0,0,65,100,1,0.02,14,0.22,0,0,0,0,0,0,50,0.77,0,0,0,0,65,100,3,0.05,62,0.95,0,0,0,0,65,100,17,0.26,48,0.74,0,0,65,100,20,20,29
10467,0,Bronx,97932.00000,69336166.37263,NY,Bronx,36,005,http://www.usps.com/,0.00000,0.00000,106,65,0.61,41,0.39,0,0,106,100,0,0,51,0.48,1,0.01,4,0.04,1,0.01,47,0.44,2,0.02,0,0,106,100,10,0.09,94,0.89,2,0.02,0,0,106,100,33,0.31,73,0.69,0,0,106,100,13,28,38
10463,0,Bronx,70641.00000,36703381.50817,NY,Bronx,36,005,http://www.usps.com/,0.00000,0.00000,59,33,0.56,26,0.44,0,0,59,100,0,0,36,0.61,0,0,0,0,2,0.03,18,0.31,3,0.05,0,0,59,100,3,0.05,54,0.92,2,0.03,0,0,59,100,20,0.34,39,0.66,0,0,59,100,21,11,7
10475,0,Bronx,40931.00000,38633296.93454,NY,Bronx,36,005,http://www.usps.com/,0.00000,0.00000,20,12,0.6,8,0.4,0,0,20,100,0,0,7,0.35,0,0,0,0,1,0.05,12,0.6,0,0,0,0,20,100,2,0.1,18,0.9,0,0,0,0,20,100,8,0.4,12,0.6,0,0,20,100,6,25,9
10464,0,Bronx,4438.00000,76257484.89985,NY,Bronx,36,005,http://www.usps.com/,0.00000,0.00000,15,7,0.47,8,0.53,0,0,15,100,0,0,7,0.47,0,0,1,0.07,0,0,7,0.47,0,0,0,0,15,100,0,0,15,1,0,0,0,0,15,100,7,0.47,8,0.53,0,0,15,100,0,0,0
10469,0,Bronx,65101.00000,68040887.06835,NY,Bronx,36,005,http://www.usps.com/,0.00000,0.00000,10,7,0.7,3,0.3,0,0,10,100,0,0,4,0.4,0,0,0,0,1,0.1,5,0.5,0,0,0,0,10,100,2,0.2,8,0.8,0,0,0,0,10,100,4,0.4,6,0.6,0,0,10,100,11,69,26
10468,0,Bronx,72877.00000,34447604.67222,NY,Bronx,36,005,http://www.usps.com/,0.00000,0.00000,81,46,0.57,35,0.43,0,0,81,100,0,0,35,0.43,0,0,3,0.04,0,0,36,0.44,7,0.09,0,0,81,100,2,0.02,79,0.98,0,0,0,0,81,100,23,0.28,58,0.72,0,0,81,100,12,13,33
10463,0,Bronx,70641.00000,3119701.91322,NY,New York,36,061,http://www.usps.com/,0.00000,0.00000,59,33,0.56,26,0.44,0,0,59,100,0,0,36,0.61,0,0,0,0,2,0.03,18,0.31,3,0.05,0,0,59,100,3,0.05,54,0.92,2,0.03,0,0,59,100,20,0.34,39,0.66,0,0,59,100,2,3,2
10458,0,Bronx,79362.00000,35968812.90336,NY,Bronx,36,005,http://www.usps.com/,0.00000,0.00000,52,25,0.48,27,0.52,0,0,52,100,0,0,24,0.46,0,0,0,0,1,0.02,23,0.44,3,0.06,1,0.02,52,100,3,0.06,48,0.92,1,0.02,0,0,52,100,19,0.37,33,0.63,0,0,52,100,8,6,29
10034,0,New York,39149.00000,24503892.12201,NY,New York,36,061,http://www.usps.com/,0.00000,0.00000,0,0,0,0,0,0,0,0,0,0,0,0,0,0,0,0,0,0,0,0,0,0,0,0,0,0,0,0,0,0,0,0,0,0,0,0,0,0,0,0,0,0,0,0,0,4,4,20
10033,0,New York,54284.00000,16156054.17193,NY,New York,36,061,http://www.usps.com/,0.00000,0.00000,0,0,0,0,0,0,0,0,0,0,0,0,0,0,0,0,0,0,0,0,0,0,0,0,0,0,0,0,0,0,0,0,0,0,0,0,0,0,0,0,0,0,0,0,0,9,6,11
10462,0,Bronx,75674.00000,53022513.77647,NY,Bronx,36,005,http://www.usps.com/,0.00000,0.00000,3,2,0.67,1,0.33,0,0,3,100,0,0,1,0.33,0,0,0,0,0,0,2,0.67,0,0,0,0,3,100,0,0,2,0.67,1,0.33,0,0,3,100,3,1,0,0,0,0,3,100,11,37,19
10040,0,New York,41033.00000,16340742.79520,NY,New York,36,061,http://www.usps.com/,0.00000,0.00000,5,4,0.8,1,0.2,0,0,5,100,0,0,3,0.6,0,0,1,0.2,0,0,1,0.2,0,0,0,0,5,100,0,0,5,1,0,0,0,0,5,100,2,0.4,3,0.6,0,0,5,100,1,5,10
10453,0,Bronx,77576.00000,25748509.27167,NY,Bronx,36,005,http://www.usps.com/,0.00000,0.00000,14,7,0.5,7,0.5,0,0,14,100,0,0,6,0.43,0,0,0,0,0,0,8,0.57,0,0,0,0,14,100,2,0.14,12,0.86,0,0,0,0,14,100,8,0.57,6,0.43,0,0,14,100,12,15,36
10465,0,Bronx,42012.00000,108423743.43824,NY,Bronx,36,005,http://www.usps.com/,0.00000,0.00000,21,17,0.81,4,0.19,0,0,21,100,0,0,14,0.67,0,0,1,0.05,4,0.19,2,0.1,0,0,0,0,21,100,1,0.05,20,0.95,0,0,0,0,21,100,5,0.24,16,0.76,0,0,21,100,14,63,6
10464,0,Bronx,4438.00000,4512530.57659,NY,Bronx,36,005,http://www.usps.com/,0.00000,0.00000,15,7,0.47,8,0.53,0,0,15,100,0,0,7,0.47,0,0,1,0.07,0,0,7,0.47,0,0,0,0,15,100,0,0,15,1,0,0,0,0,15,100,7,0.47,8,0.53,0,0,15,100,0,0,0
10464,0,Bronx,4438.00000,11587953.82674,NY,Bronx,36,005,http://www.usps.com/,0.00000,0.00000,15,7,0.47,8,0.53,0,0,15,100,0,0,7,0.47,0,0,1,0.07,0,0,7,0.47,0,0,0,0,15,100,0,0,15,1,0,0,0,0,15,100,7,0.47,8,0.53,0,0,15,100,2,13,0
10461,0,Bronx,50549.00000,62824057.57453,NY,Bronx,36,005,http://www.usps.com/,0.00000,0.00000,49,26,0.53,23,0.47,0,0,49,100,1,0.02,21,0.43,1,0.02,1,0.02,1,0.02,18,0.37,5,0.1,1,0.02,49,100,1,0.02,48,0.98,0,0,0,0,49,100,21,0.43,28,0.57,0,0,49,100,41,60,13
10457,0,Bronx,70253.00000,37640607.37932,NY,Bronx,36,005,http://www.usps.com/,0.00000,0.00000,0,0,0,0,0,0,0,0,0,0,0,0,0,0,0,0,0,0,0,0,0,0,0,0,0,0,0,0,0,0,0,0,0,0,0,0,0,0,0,0,0,0,0,0,0,11,12,48
10460,0,Bronx,56670.00000,35155666.64601,NY,Bronx,36,005,http://www.usps.com/,0.00000,0.00000,27,20,0.74,7,0.26,0,0,27,100,0,0,9,0.33,0,0,0,0,1,0.04,15,0.56,2,0.07,0,0,27,100,2,0.07,25,0.93,0,0,0,0,27,100,14,0.52,13,0.48,0,0,27,100,7,21,33
10032,0,New York,57606.00000,23159566.09234,NY,New York,36,061,http://www.usps.com/,0.00000,0.00000,13,4,0.31,9,0.69,0,0,13,100,0,0,9,0.69,0,0,1,0.08,0,0,2,0.15,1,0.08,0,0,13,100,1,0.08,12,0.92,0,0,0,0,13,100,5,0.38,8,0.62,0,0,13,100,7,4,25
10452,0,Bronx,76104.00000,27550385.85331,NY,Bronx,36,005,http://www.usps.com/,0.00000,0.00000,17,12,0.71,5,0.29,0,0,17,100,0,0,10,0.59,0,0,0,0,0,0,5,0.29,1,0.06,1,0.06,17,100,0,0,17,1,0,0,0,0,17,100,3,0.18,14,0.82,0,0,17,100,15,32,34
10456,0,Bronx,89390.00000,29933452.43635,NY,Bronx,36,005,http://www.usps.com/,0.00000,0.00000,5,3,0.6,2,0.4,0,0,5,100,0,0,3,0.6,1,0.2,0,0,0,0,0,0,1,0.2,0,0,5,100,0,0,5,1,0,0,0,0,5,100,1,0.2,4,0.8,0,0,5,100,12,10,53
10472,0,Bronx,66356.00000,30963245.18833,NY,Bronx,36,005,http://www.usps.com/,0.00000,0.00000,0,0,0,0,0,0,0,0,0,0,0,0,0,0,0,0,0,0,0,0,0,0,0,0,0,0,0,0,0,0,0,0,0,0,0,0,0,0,0,0,0,0,0,0,0,26,34,19
10031,0,New York,57010.00000,16902152.36591,NY,New York,36,061,http://www.usps.com/,0.00000,0.00000,0,0,0,0,0,0,0,0,0,0,0,0,0,0,0,0,0,0,0,0,0,0,0,0,0,0,0,0,0,0,0,0,0,0,0,0,0,0,0,0,0,0,0,0,0,5,2,24
10039,0,New York,24234.00000,8419027.88461,NY,New York,36,061,http://www.usps.com/,0.00000,0.00000,0,0,0,0,0,0,0,0,0,0,0,0,0,0,0,0,0,0,0,0,0,0,0,0,0,0,0,0,0,0,0,0,0,0,0,0,0,0,0,0,0,0,0,0,0,2,1,13
10459,0,Bronx,46804.00000,22551940.53724,NY,Bronx,36,005,http://www.usps.com/,0.00000,0.00000,7,5,0.71,2,0.29,0,0,7,100,0,0,3,0.43,0,0,0,0,0,0,4,0.57,0,0,0,0,7,100,2,0.29,5,0.71,0,0,0,0,7,100,3,0.43,4,0.57,0,0,7,100,12,15,32
10451,0,Bronx,44140.00000,28944106.51688,NY,Bronx,36,005,http://www.usps.com/,0.00000,0.00000,41,21,0.51,20,0.49,0,0,41,100,0,0,22,0.54,0,0,1,0.02,0,0,15,0.37,2,0.05,1,0.02,41,100,3,0.07,38,0.93,0,0,0,0,41,100,12,0.29,29,0.71,0,0,41,100,7,0,30
10473,0,Bronx,58284.00000,59522354.54028,NY,Bronx,36,005,http://www.usps.com/,0.00000,0.00000,0,0,0,0,0,0,0,0,0,0,0,0,0,0,0,0,0,0,0,0,0,0,0,0,0,0,0,0,0,0,0,0,0,0,0,0,0,0,0,0,0,0,0,0,0,13,44,17
10030,0,New York,26720.00000,7757661.45493,NY,New York,36,061,http://www.usps.com/,0.00000,0.00000,0,0,0,0,0,0,0,0,0,0,0,0,0,0,0,0,0,0,0,0,0,0,0,0,0,0,0,0,0,0,0,0,0,0,0,0,0,0,0,0,0,0,0,0,0,9,0,16
10027,0,New York,58639.00000,24695278.50429,NY,New York,36,061,http://www.usps.com/,0.00000,0.00000,7,4,0.57,3,0.43,0,0,7,100,0,0,1,0.14,0,0,1,0.14,0,0,4,0.57,1,0.14,0,0,7,99,1,0.14,6,0.86,0,0,0,0,7,100,1,0.14,6,0.86,0,0,7,100,15,0,39
10474,0,Bronx,12281.00000,40614090.19023,NY,Bronx,36,005,http://www.usps.com/,0.00000,0.00000,0,0,0,0,0,0,0,0,0,0,0,0,0,0,0,0,0,0,0,0,0,0,0,0,0,0,0,0,0,0,0,0,0,0,0,0,0,0,0,0,0,0,0,0,0,6,40,8
10455,0,Bronx,39834.00000,19846918.84146,NY,Bronx,36,005,http://www.usps.com/,0.00000,0.00000,27,17,0.63,10,0.37,0,0,27,100,0,0,5,0.19,0,0,0,0,0,0,20,0.74,2,0.07,0,0,27,100,1,0.04,25,0.93,1,0.04,0,0,27,100,7,0.26,20,0.74,0,0,27,100,9,11,29
10037,0,New York,16931.00000,7188980.95343,NY,New York,36,061,http://www.usps.com/,0.00000,0.00000,0,0,0,0,0,0,0,0,0,0,0,0,0,0,0,0,0,0,0,0,0,0,0,0,0,0,0,0,0,0,0,0,0,0,0,0,0,0,0,0,0,0,0,0,0,1,0,5
10024,0,New York,58521.00000,22877335.46392,NY,New York,36,061,http://www.usps.com/,0.00000,0.00000,4,4,1,0,0,0,0,4,100,0,0,0,0,0,0,0,0,3,0.75,0,0,0,0,1,0.25,4,100,0,0,4,1,0,0,0,0,4,100,1,0.25,3,0.75,0,0,4,100,5,2,3
10454,0,Bronx,37466.00000,31063613.32531,NY,Bronx,36,005,http://www.usps.com/,0.00000,0.00000,18,8,0.44,10,0.56,0,0,18,100,0,0,7,0.39,0,0,1,0.06,0,0,10,0.56,0,0,0,0,18,100,1,0.06,17,0.94,0,0,0,0,18,100,8,0.44,10,0.56,0,0,18,100,6,5,39
10026,0,New York,34313.00000,11092681.48847,NY,New York,36,061,http://www.usps.com/,0.00000,0.00000,0,0,0,0,0,0,0,0,0,0,0,0,0,0,0,0,0,0,0,0,0,0,0,0,0,0,0,0,0,0,0,0,0,0,0,0,0,0,0,0,0,0,0,0,0,8,1,22
10035,0,New York,34884.00000,15445657.33408,NY,New York,36,061,http://www.usps.com/,0.00000,0.00000,0,0,0,0,0,0,0,0,0,0,0,0,0,0,0,0,0,0,0,0,0,0,0,0,0,0,0,0,0,0,0,0,0,0,0,0,0,0,0,0,0,0,0,0,0,17,1,31
10048,0,New York,0.00000,972788.42397,NY,New York,36,061,http://www.usps.com/,0.00000,0.00000,,,,,,,,,,,,,,,,,,,,,,,,,,,,,,,,,,,,,,,,,,,,,,0,0,0
10025,0,New York,96054.00000,19631043.82253,NY,New York,36,061,http://www.usps.com/,0.00000,0.00000,27,17,0.63,10,0.37,0,0,27,100,0,0,15,0.56,0,0,0,0,0,0,11,0.41,1,0.04,0,0,27,100,3,0.11,24,0.89,0,0,0,0,27,100,8,0.3,19,0.7,0,0,27,100,10,7,27
11357,0,Whitestone,38944.00000,77359110.60914,NY,Queens,36,081,http://www.usps.com/,0.00000,0.00000,0,0,0,0,0,0,0,0,0,0,0,0,0,0,0,0,0,0,0,0,0,0,0,0,0,0,0,0,0,0,0,0,0,0,0,0,0,0,0,0,0,0,0,0,0,13,45,1
10029,0,New York,77503.00000,22963435.67697,NY,New York,36,061,http://www.usps.com/,0.00000,0.00000,20,13,0.65,7,0.35,0,0,20,100,0,0,4,0.2,0,0,0,0,0,0,15,0.75,1,0.05,0,0,20,100,0,0,20,1,0,0,0,0,20,100,8,0.4,12,0.6,0,0,20,100,6,2,32
00083,0,Central Park,25.00000,38300990.39994,NY,New York,36,061,http://www.usps.com/,0.00000,0.00000,,,,,,,,,,,,,,,,,,,,,,,,,,,,,,,,,,,,,,,,,,,,,,0,3,0
11356,0,College Point,23379.00000,43321159.27203,NY,Queens,36,081,http://www.usps.com/,0.00000,0.00000,0,0,0,0,0,0,0,0,0,0,0,0,0,0,0,0,0,0,0,0,0,0,0,0,0,0,0,0,0,0,0,0,0,0,0,0,0,0,0,0,0,0,0,0,0,7,18,10
11359,0,Bayside,0.00000,6567982.08534,NY,Queens,36,081,http://www.usps.com/,0.00000,0.00000,,,,,,,,,,,,,,,,,,,,,,,,,,,,,,,,,,,,,,,,,,,,,,0,0,0
11360,0,Bayside,18973.00000,38834824.17134,NY,Queens,36,081,http://www.usps.com/,0.00000,0.00000,0,0,0,0,0,0,0,0,0,0,0,0,0,0,0,0,0,0,0,0,0,0,0,0,0,0,0,0,0,0,0,0,0,0,0,0,0,0,0,0,0,0,0,0,0,2,17,3
11105,0,Astoria,36906.00000,48795608.07993,NY,Queens,36,081,http://www.usps.com/,0.00000,0.00000,0,0,0,0,0,0,0,0,0,0,0,0,0,0,0,0,0,0,0,0,0,0,0,0,0,0,0,0,0,0,0,0,0,0,0,0,0,0,0,0,0,0,0,0,0,11,35,6
10128,0,New York,55748.00000,11011681.55682,NY,New York,36,061,http://www.usps.com/,0.00000,0.00000,0,0,0,0,0,0,0,0,0,0,0,0,0,0,0,0,0,0,0,0,0,0,0,0,0,0,0,0,0,0,0,0,0,0,0,0,0,0,0,0,0,0,0,0,0,16,2,4
10023,0,New York,62800.00000,15212712.67816,NY,New York,36,061,http://www.usps.com/,0.00000,0.00000,7,5,0.71,2,0.29,0,0,7,100,0,0,3,0.43,0,0,1,0.14,0,0,3,0.43,0,0,0,0,7,100,0,0,7,1,0,0,0,0,7,100,5,0.71,2,0.29,0,0,7,100,14,9,10
11363,0,Little Neck,7060.00000,24242790.02350,NY,Queens,36,081,http://www.usps.com/,0.00000,0.00000,,,,,,,,,,,,,,,,,,,,,,,,,,,,,,,,,,,,,,,,,,,,,,5,10,0
10028,0,New York,47530.00000,9842046.47970,NY,New York,36,061,http://www.usps.com/,0.00000,0.00000,0,0,0,0,0,0,0,0,0,0,0,0,0,0,0,0,0,0,0,0,0,0,0,0,0,0,0,0,0,0,0,0,0,0,0,0,0,0,0,0,0,0,0,0,0,15,2,4
11354,0,Flushing,58525.00000,61985147.45080,NY,Queens,36,081,http://www.usps.com/,0.00000,0.00000,2,1,0.5,1,0.5,0,0,2,100,0,0,1,0.5,0,0,0,0,0,0,0,0,1,0.5,0,0,2,100,2,1,0,0,0,0,0,0,2,100,0,0,2,1,0,0,2,100,11,51,20
11102,0,Astoria,33944.00000,19116258.43692,NY,Queens,36,081,http://www.usps.com/,0.00000,0.00000,0,0,0,0,0,0,0,0,0,0,0,0,0,0,0,0,0,0,0,0,0,0,0,0,0,0,0,0,0,0,0,0,0,0,0,0,0,0,0,0,0,0,0,0,0,8,14,7
11370,0,East Elmhurst,40591.00000,23600231.48803,NY,Queens,36,081,http://www.usps.com/,0.00000,0.00000,0,0,0,0,0,0,0,0,0,0,0,0,0,0,0,0,0,0,0,0,0,0,0,0,0,0,0,0,0,0,0,0,0,0,0,0,0,0,0,0,0,0,0,0,0,2,44,0
10021,0,New York,45299.00000,10495133.40850,NY,New York,36,061,http://www.usps.com/,0.00000,0.00000,0,0,0,0,0,0,0,0,0,0,0,0,0,0,0,0,0,0,0,0,0,0,0,0,0,0,0,0,0,0,0,0,0,0,0,0,0,0,0,0,0,0,0,0,0,17,3,3
11358,0,Flushing,37743.00000,54622541.08574,NY,Queens,36,081,http://www.usps.com/,0.00000,0.00000,0,0,0,0,0,0,0,0,0,0,0,0,0,0,0,0,0,0,0,0,0,0,0,0,0,0,0,0,0,0,0,0,0,0,0,0,0,0,0,0,0,0,0,0,0,6,42,3
11362,0,Little Neck,17707.00000,54680551.21937,NY,Queens,36,081,http://www.usps.com/,0.00000,0.00000,0,0,0,0,0,0,0,0,0,0,0,0,0,0,0,0,0,0,0,0,0,0,0,0,0,0,0,0,0,0,0,0,0,0,0,0,0,0,0,0,0,0,0,0,0,2,17,1
10044,0,New York,11661.00000,6296113.26884,NY,New York,36,061,http://www.usps.com/,0.00000,0.00000,0,0,0,0,0,0,0,0,0,0,0,0,0,0,0,0,0,0,0,0,0,0,0,0,0,0,0,0,0,0,0,0,0,0,0,0,0,0,0,0,0,0,0,0,0,0,0,1
11369,0,East Elmhurst,38116.00000,30060493.24637,NY,Queens,36,081,http://www.usps.com/,0.00000,0.00000,0,0,0,0,0,0,0,0,0,0,0,0,0,0,0,0,0,0,0,0,0,0,0,0,0,0,0,0,0,0,0,0,0,0,0,0,0,0,0,0,0,0,0,0,0,11,59,15
11103,0,Astoria,38234.00000,20222394.62553,NY,Queens,36,081,http://www.usps.com/,0.00000,0.00000,0,0,0,0,0,0,0,0,0,0,0,0,0,0,0,0,0,0,0,0,0,0,0,0,0,0,0,0,0,0,0,0,0,0,0,0,0,0,0,0,0,0,0,0,0,13,27,6
11106,0,Astoria,38665.00000,23866112.72547,NY,Queens,36,081,http://www.usps.com/,0.00000,0.00000,0,0,0,0,0,0,0,0,0,0,0,0,0,0,0,0,0,0,0,0,0,0,0,0,0,0,0,0,0,0,0,0,0,0,0,0,0,0,0,0,0,0,0,0,0,6,29,2
11368,0,Corona,109069.00000,72489663.28446,NY,Queens,36,081,http://www.usps.com/,0.00000,0.00000,5,4,0.8,1,0.2,0,0,5,100,0,0,3,0.6,0,0,1,0.2,1,0.2,0,0,0,0,0,0,5,100,1,0.2,4,0.8,0,0,0,0,5,100,0,0,5,1,0,0,5,100,22,32,31
11377,0,Woodside,90852.00000,71832387.49448,NY,Queens,36,081,http://www.usps.com/,0.00000,0.00000,0,0,0,0,0,0,0,0,0,0,0,0,0,0,0,0,0,0,0,0,0,0,0,0,0,0,0,0,0,0,0,0,0,0,0,0,0,0,0,0,0,0,0,0,0,34,64,14
11355,0,Flushing,82809.00000,49383079.08394,NY,Queens,36,081,http://www.usps.com/,0.00000,0.00000,0,0,0,0,0,0,0,0,0,0,0,0,0,0,0,0,0,0,0,0,0,0,0,0,0,0,0,0,0,0,0,0,0,0,0,0,0,0,0,0,0,0,0,0,0,13,22,17
11101,0,Long Island City,26254.00000,78962088.74176,NY,Queens,36,081,http://www.usps.com/,0.00000,0.00000,1,0,0,1,1,0,0,1,100,0,0,0,0,0,0,1,1,0,0,0,0,0,0,0,0,1,100,0,0,1,1,0,0,0,0,1,100,0,0,1,1,0,0,1,100,15,56,13
11364,0,Oakland Gardens,33937.00000,84259665.05296,NY,Queens,36,081,http://www.usps.com/,0.00000,0.00000,0,0,0,0,0,0,0,0,0,0,0,0,0,0,0,0,0,0,0,0,0,0,0,0,0,0,0,0,0,0,0,0,0,0,0,0,0,0,0,0,0,0,0,0,0,6,39,3
10018,0,New York,5503.00000,10705796.47917,NY,New York,36,061,http://www.usps.com/,0.00000,0.00000,3,2,0.67,1,0.33,0,0,3,100,0,0,0,0,0,0,3,1,0,0,0,0,0,0,0,0,3,100,1,0.33,2,0.67,0,0,0,0,3,100,0,0,3,1,0,0,3,100,8,0,11
10020,0,New York,0.00000,697297.02240,NY,New York,36,061,http://www.usps.com/,0.00000,0.00000,0,0,0,0,0,0,0,0,0,0,0,0,0,0,0,0,0,0,0,0,0,0,0,0,0,0,0,0,0,0,0,0,0,0,0,0,0,0,0,0,0,0,0,0,0,0,1,0
11005,0,Floral Park,3533.00000,9075527.40375,NY,Queens,36,081,http://www.usps.com/,0.00000,0.00000,,,,,,,,,,,,,,,,,,,,,,,,,,,,,,,,,,,,,,,,,,,,,,1,1,1
10017,0,New York,15918.00000,9794383.23999,NY,New York,36,061,http://www.usps.com/,0.00000,0.00000,0,0,0,0,0,0,0,0,0,0,0,0,0,0,0,0,0,0,0,0,0,0,0,0,0,0,0,0,0,0,0,0,0,0,0,0,0,0,0,0,0,0,0,0,0,1,0,3
10001,0,New York,22413.00000,17794940.77271,NY,New York,36,061,http://www.usps.com/,0.00000,0.00000,44,22,0.5,22,0.5,0,0,44,100,0,0,16,0.36,0,0,3,0.07,1,0.02,21,0.48,3,0.07,0,0,44,100,2,0.05,42,0.95,0,0,0,0,44,100,20,0.45,24,0.55,0,0,44,100,10,4,10
10011,0,New York,50594.00000,18118416.84633,NY,New York,36,061,http://www.usps.com/,0.00000,0.00000,3,2,0.67,1,0.33,0,0,3,100,0,0,1,0.33,0,0,0,0,0,0,1,0.33,1,0.33,0,0,3,99,0,0,3,1,0,0,0,0,3,100,0,0,3,1,0,0,3,100,12,3,10
10016,0,New York,54606.00000,15042403.03779,NY,New York,36,061,http://www.usps.com/,0.00000,0.00000,17,12,0.71,5,0.29,0,0,17,100,0,0,9,0.53,0,0,0,0,0,0,8,0.47,0,0,0,0,17,100,0,0,17,1,0,0,0,0,17,100,9,0.53,8,0.47,0,0,17,100,10,5,13
11104,0,Sunnyside,27127.00000,12084432.11608,NY,Queens,36,081,http://www.usps.com/,0.00000,0.00000,0,0,0,0,0,0,0,0,0,0,0,0,0,0,0,0,0,0,0,0,0,0,0,0,0,0,0,0,0,0,0,0,0,0,0,0,0,0,0,0,0,0,0,0,0,10,10,5
11109,0,Long Island City,2752.00000,581237.15059,NY,Queens,36,081,http://www.usps.com/,0.00000,0.00000,,,,,,,,,,,,,,,,,,,,,,,,,,,,,,,,,,,,,,,,,,,,,,0,0,0
10010,0,New York,29881.00000,9768395.56995,NY,New York,36,061,http://www.usps.com/,0.00000,0.00000,0,0,0,0,0,0,0,0,0,0,0,0,0,0,0,0,0,0,0,0,0,0,0,0,0,0,0,0,0,0,0,0,0,0,0,0,0,0,0,0,0,0,0,0,0,5,6,2
11367,0,Flushing,41773.00000,72810151.58854,NY,Queens,36,081,http://www.usps.com/,0.00000,0.00000,0,0,0,0,0,0,0,0,0,0,0,0,0,0,0,0,0,0,0,0,0,0,0,0,0,0,0,0,0,0,0,0,0,0,0,0,0,0,0,0,0,0,0,0,0,6,24,6
10014,0,New York,31328.00000,14151052.03042,NY,New York,36,061,http://www.usps.com/,0.00000,0.00000,0,0,0,0,0,0,0,0,0,0,0,0,0,0,0,0,0,0,0,0,0,0,0,0,0,0,0,0,0,0,0,0,0,0,0,0,0,0,0,0,0,0,0,0,0,10,17,7
10003,0,New York,55878.00000,15538376.26967,NY,New York,36,061,http://www.usps.com/,0.00000,0.00000,1,1,1,0,0,0,0,1,100,0,0,0,0,0,0,1,1,0,0,0,0,0,0,0,0,1,100,0,0,1,1,0,0,0,0,1,100,0,0,1,1,0,0,1,100,19,7,17
11222,0,Brooklyn,36315.00000,42825293.23670,NY,Kings,36,047,http://www.usps.com/,0.00000,0.00000,0,0,0,0,0,0,0,0,0,0,0,0,0,0,0,0,0,0,0,0,0,0,0,0,0,0,0,0,0,0,0,0,0,0,0,0,0,0,0,0,0,0,0,0,0,12,19,6
10002,0,New York,81305.00000,26280128.54389,NY,New York,36,061,http://www.usps.com/,0.00000,0.00000,35,19,0.54,16,0.46,0,0,35,100,0,0,1,0.03,0,0,28,0.8,6,0.17,0,0,0,0,0,0,35,100,2,0.06,33,0.94,0,0,0,0,35,100,2,0.06,33,0.94,0,0,35,100,16,21,31
11378,0,Maspeth,35473.00000,66260538.74335,NY,Queens,36,081,http://www.usps.com/,0.00000,0.00000,0,0,0,0,0,0,0,0,0,0,0,0,0,0,0,0,0,0,0,0,0,0,0,0,0,0,0,0,0,0,0,0,0,0,0,0,0,0,0,0,0,0,0,0,0,6,38,4
10009,0,New York,61455.00000,15903519.30123,NY,New York,36,061,http://www.usps.com/,0.00000,0.00000,2,0,0,2,1,0,0,2,100,0,0,0,0,0,0,2,1,0,0,0,0,0,0,0,0,2,100,0,0,2,1,0,0,0,0,2,100,0,0,2,1,0,0,2,100,23,1,18
10012,0,New York,24276.00000,9193738.99955,NY,New York,36,061,http://www.usps.com/,0.00000,0.00000,0,0,0,0,0,0,0,0,0,0,0,0,0,0,0,0,0,0,0,0,0,0,0,0,0,0,0,0,0,0,0,0,0,0,0,0,0,0,0,0,0,0,0,0,0,27,5,3
10013,0,New York,27985.00000,15580578.83358,NY,New York,36,061,http://www.usps.com/,0.00000,0.00000,8,1,0.13,7,0.88,0,0,8,100,0,0,0,0,0,0,8,1,0,0,0,0,0,0,0,0,8,100,0,0,8,1,0,0,0,0,8,100,1,0.13,7,0.88,0,0,8,100,32,16,4
10007,0,New York,7323.00000,5327870.97676,NY,New York,36,061,http://www.usps.com/,0.00000,0.00000,1,0,0,1,1,0,0,1,100,0,0,0,0,0,0,1,1,0,0,0,0,0,0,0,0,1,100,0,0,1,1,0,0,0,0,1,100,1,1,0,0,0,0,1,100,0,6,1
11237,0,Brooklyn,49335.00000,27425868.17131,NY,Kings,36,047,http://www.usps.com/,0.00000,0.00000,0,0,0,0,0,0,0,0,0,0,0,0,0,0,0,0,0,0,0,0,0,0,0,0,0,0,0,0,0,0,0,0,0,0,0,0,0,0,0,0,0,0,0,0,0,21,32,13
11385,0,Ridgewood,98436.00000,124786310.90786,NY,Queens,36,081,http://www.usps.com/,0.00000,0.00000,0,0,0,0,0,0,0,0,0,0,0,0,0,0,0,0,0,0,0,0,0,0,0,0,0,0,0,0,0,0,0,0,0,0,0,0,0,0,0,0,0,0,0,0,0,68,72,19
10038,0,New York,19127.00000,7022760.64303,NY,New York,36,061,http://www.usps.com/,0.00000,0.00000,16,11,0.69,5,0.31,0,0,16,100,0,0,2,0.13,0,0,9,0.56,0,0,5,0.31,0,0,0,0,16,100,1,0.06,15,0.94,0,0,0,0,16,100,3,0.19,13,0.81,0,0,16,100,4,12,2
11206,0,Brooklyn,83575.00000,40700720.97273,NY,Kings,36,047,http://www.usps.com/,0.00000,0.00000,13,3,0.23,10,0.77,0,0,13,100,0,0,0,0,0,0,0,0,13,1,0,0,0,0,0,0,13,100,0,0,13,1,0,0,0,0,13,100,9,0.69,4,0.31,0,0,13,100,19,29,50
10006,0,New York,3011.00000,1716640.92012,NY,New York,36,061,http://www.usps.com/,0.00000,0.00000,6,2,0.33,4,0.67,0,0,6,100,0,0,2,0.33,0,0,0,0,1,0.17,3,0.5,0,0,0,0,6,100,0,0,6,1,0,0,0,0,6,100,0,0,6,1,0,0,6,100,1,0,0
11412,0,Saint Albans,35019.00000,45842752.22607,NY,Queens,36,081,http://www.usps.com/,0.00000,0.00000,0,0,0,0,0,0,0,0,0,0,0,0,0,0,0,0,0,0,0,0,0,0,0,0,0,0,0,0,0,0,0,0,0,0,0,0,0,0,0,0,0,0,0,0,0,16,25,10
10005,0,New York,8107.00000,2082901.14074,NY,New York,36,061,http://www.usps.com/,0.00000,0.00000,2,2,1,0,0,0,0,2,100,0,0,0,0,0,0,1,0.5,0,0,1,0.5,0,0,0,0,2,100,1,0.5,1,0.5,0,0,0,0,2,100,0,0,2,1,0,0,2,100,0,3,0
11251,0,Brooklyn,74.00000,10245952.25424,NY,Kings,36,047,http://www.usps.com/,0.00000,0.00000,,,,,,,,,,,,,,,,,,,,,,,,,,,,,,,,,,,,,,,,,,,,,,0,1,0
10004,0,New York,2187.00000,4002521.09703,NY,New York,36,061,http://www.usps.com/,0.00000,0.00000,0,0,0,0,0,0,0,0,0,0,0,0,0,0,0,0,0,0,0,0,0,0,0,0,0,0,0,0,0,0,0,0,0,0,0,0,0,0,0,0,0,0,0,0,0,0,1,1
11411,0,Cambria Heights,18216.00000,35889597.38340,NY,Queens,36,081,http://www.usps.com/,0.00000,0.00000,0,0,0,0,0,0,0,0,0,0,0,0,0,0,0,0,0,0,0,0,0,0,0,0,0,0,0,0,0,0,0,0,0,0,0,0,0,0,0,0,0,0,0,0,0,13,17,9
11201,0,Brooklyn,53041.00000,41094886.76574,NY,Kings,36,047,http://www.usps.com/,0.00000,0.00000,11,6,0.55,5,0.45,0,0,11,100,0,0,2,0.18,0,0,1,0.09,1,0.09,5,0.45,2,0.18,0,0,11,99,0,0,11,1,0,0,0,0,11,100,2,0.18,9,0.82,0,0,11,100,16,65,26
10004,0,New York,2187.00000,1202707.70745,NY,New York,36,061,http://www.usps.com/,0.00000,0.00000,0,0,0,0,0,0,0,0,0,0,0,0,0,0,0,0,0,0,0,0,0,0,0,0,0,0,0,0,0,0,0,0,0,0,0,0,0,0,0,0,0,0,0,0,0,0,0,0
11205,0,Brooklyn,41125.00000,23270147.94976,NY,Kings,36,047,http://www.usps.com/,0.00000,0.00000,5,5,1,0,0,0,0,5,100,0,0,0,0,0,0,0,0,4,0.8,0,0,1,0.2,0,0,5,100,0,0,5,1,0,0,0,0,5,100,3,0.6,2,0.4,0,0,5,100,16,28,18
11208,0,Brooklyn,94410.00000,79303684.26399,NY,Kings,36,047,http://www.usps.com/,0.00000,0.00000,0,0,0,0,0,0,0,0,0,0,0,0,0,0,0,0,0,0,0,0,0,0,0,0,0,0,0,0,0,0,0,0,0,0,0,0,0,0,0,0,0,0,0,0,0,38,26,48
11207,0,Brooklyn,93556.00000,73966260.54106,NY,Kings,36,047,http://www.usps.com/,0.00000,0.00000,0,0,0,0,0,0,0,0,0,0,0,0,0,0,0,0,0,0,0,0,0,0,0,0,0,0,0,0,0,0,0,0,0,0,0,0,0,0,0,0,0,0,0,0,0,34,58,57
10004,0,New York,2187.00000,7679615.51101,NY,New York,36,061,http://www.usps.com/,0.00000,0.00000,0,0,0,0,0,0,0,0,0,0,0,0,0,0,0,0,0,0,0,0,0,0,0,0,0,0,0,0,0,0,0,0,0,0,0,0,0,0,0,0,0,0,0,0,0,0,0,0
10004,0,New York,2187.00000,670708.02000,NY,New York,36,061,http://www.usps.com/,0.00000,0.00000,0,0,0,0,0,0,0,0,0,0,0,0,0,0,0,0,0,0,0,0,0,0,0,0,0,0,0,0,0,0,0,0,0,0,0,0,0,0,0,0,0,0,0,0,0,0,0,0
11413,0,Springfield Gardens,39349.00000,86208498.58907,NY,Queens,36,081,http://www.usps.com/,0.00000,0.00000,0,0,0,0,0,0,0,0,0,0,0,0,0,0,0,0,0,0,0,0,0,0,0,0,0,0,0,0,0,0,0,0,0,0,0,0,0,0,0,0,0,0,0,0,0,4,25,14
11217,0,Brooklyn,36615.00000,21648157.79604,NY,Kings,36,047,http://www.usps.com/,0.00000,0.00000,0,0,0,0,0,0,0,0,0,0,0,0,0,0,0,0,0,0,0,0,0,0,0,0,0,0,0,0,0,0,0,0,0,0,0,0,0,0,0,0,0,0,0,0,0,33,23,12
11238,0,Brooklyn,46664.00000,29429423.46148,NY,Kings,36,047,http://www.usps.com/,0.00000,0.00000,0,0,0,0,0,0,0,0,0,0,0,0,0,0,0,0,0,0,0,0,0,0,0,0,0,0,0,0,0,0,0,0,0,0,0,0,0,0,0,0,0,0,0,0,0,13,25,20
11231,0,Brooklyn,33144.00000,39379691.79406,NY,Kings,36,047,http://www.usps.com/,0.00000,0.00000,0,0,0,0,0,0,0,0,0,0,0,0,0,0,0,0,0,0,0,0,0,0,0,0,0,0,0,0,0,0,0,0,0,0,0,0,0,0,0,0,0,0,0,0,0,18,22,7
11422,0,Rosedale,30139.00000,60120657.20554,NY,Queens,36,081,http://www.usps.com/,0.00000,0.00000,0,0,0,0,0,0,0,0,0,0,0,0,0,0,0,0,0,0,0,0,0,0,0,0,0,0,0,0,0,0,0,0,0,0,0,0,0,0,0,0,0,0,0,0,0,11,34,8
11420,0,South Ozone Park,44538.00000,61879568.37278,NY,Queens,36,081,http://www.usps.com/,0.00000,0.00000,2,1,0.5,1,0.5,0,0,2,100,0,0,1,0.5,0,0,0,0,0,0,0,0,1,0.5,0,0,2,100,0,0,2,1,0,0,0,0,2,100,2,1,0,0,0,0,2,100,17,45,8
11417,0,Ozone Park,28562.00000,31099087.10791,NY,Queens,36,081,http://www.usps.com/,0.00000,0.00000,0,0,0,0,0,0,0,0,0,0,0,0,0,0,0,0,0,0,0,0,0,0,0,0,0,0,0,0,0,0,0,0,0,0,0,0,0,0,0,0,0,0,0,0,0,25,20,4
11215,0,Brooklyn,63272.00000,61922821.74616,NY,Kings,36,047,http://www.usps.com/,0.00000,0.00000,0,0,0,0,0,0,0,0,0,0,0,0,0,0,0,0,0,0,0,0,0,0,0,0,0,0,0,0,0,0,0,0,0,0,0,0,0,0,0,0,0,0,0,0,0,15,56,7
11231,0,Brooklyn,33144.00000,701979.38531,NY,Kings,36,047,http://www.usps.com/,0.00000,0.00000,0,0,0,0,0,0,0,0,0,0,0,0,0,0,0,0,0,0,0,0,0,0,0,0,0,0,0,0,0,0,0,0,0,0,0,0,0,0,0,0,0,0,0,0,0,0,0,0
11232,0,Brooklyn,29521.00000,55879065.15027,NY,Kings,36,047,http://www.usps.com/,0.00000,0.00000,0,0,0,0,0,0,0,0,0,0,0,0,0,0,0,0,0,0,0,0,0,0,0,0,0,0,0,0,0,0,0,0,0,0,0,0,0,0,0,0,0,0,0,0,0,7,47,10
11430,0,Jamaica,16.00000,199913664.28860,NY,Queens,36,081,http://www.usps.com/,0.00000,0.00000,0,0,0,0,0,0,0,0,0,0,0,0,0,0,0,0,0,0,0,0,0,0,0,0,0,0,0,0,0,0,0,0,0,0,0,0,0,0,0,0,0,0,0,0,0,0,1,0
11203,0,Brooklyn,78060.00000,60644835.45616,NY,Kings,36,047,http://www.usps.com/,0.00000,0.00000,15,12,0.8,3,0.2,0,0,15,100,0,0,2,0.13,0,0,1,0.07,2,0.13,8,0.53,2,0.13,0,0,15,99,1,0.07,14,0.93,0,0,0,0,15,100,1,0.07,14,0.93,0,0,15,100,29,35,51
11239,0,Brooklyn,12562.00000,41794660.76720,NY,Kings,36,047,http://www.usps.com/,0.00000,0.00000,0,0,0,0,0,0,0,0,0,0,0,0,0,0,0,0,0,0,0,0,0,0,0,0,0,0,0,0,0,0,0,0,0,0,0,0,0,0,0,0,0,0,0,0,0,0,9,0
11236,0,Brooklyn,94480.00000,96373991.62010,NY,Kings,36,047,http://www.usps.com/,0.00000,0.00000,7,3,0.43,4,0.57,0,0,7,100,0,0,0,0,0,0,0,0,1,0.14,5,0.71,0,0,1,0.14,7,99,2,0.29,5,0.71,0,0,0,0,7,100,0,0,7,1,0,0,7,100,22,14,24
11220,0,Brooklyn,97257.00000,47453785.79064,NY,Kings,36,047,http://www.usps.com/,0.00000,0.00000,8,1,0.13,7,0.88,0,0,8,100,0,0,0,0,0,0,1,0.13,6,0.75,0,0,1,0.13,0,0,8,100,0,0,8,1,0,0,0,0,8,100,5,0.63,3,0.38,0,0,8,100,14,55,26
10301,0,Staten Island,40438.00000,105182712.64957,NY,Richmond,36,085,http://www.usps.com/,0.00000,0.00000,0,0,0,0,0,0,0,0,0,0,0,0,0,0,0,0,0,0,0,0,0,0,0,0,0,0,0,0,0,0,0,0,0,0,0,0,0,0,0,0,0,0,0,0,0,17,50,19
10303,0,Staten Island,27048.00000,81629773.51744,NY,Richmond,36,085,http://www.usps.com/,0.00000,0.00000,0,0,0,0,0,0,0,0,0,0,0,0,0,0,0,0,0,0,0,0,0,0,0,0,0,0,0,0,0,0,0,0,0,0,0,0,0,0,0,0,0,0,0,0,0,15,41,7
11234,0,Brooklyn,85853.00000,206201040.08797,NY,Kings,36,047,http://www.usps.com/,0.00000,0.00000,59,29,0.49,30,0.51,0,0,59,100,0,0,8,0.14,0,0,0,0,37,0.63,10,0.17,4,0.07,0,0,59,100,1,0.02,58,0.98,0,0,0,0,59,100,2,0.03,57,0.97,0,0,59,100,32,22,18
10302,0,Staten Island,18123.00000,29555323.02337,NY,Richmond,36,085,http://www.usps.com/,0.00000,0.00000,0,0,0,0,0,0,0,0,0,0,0,0,0,0,0,0,0,0,0,0,0,0,0,0,0,0,0,0,0,0,0,0,0,0,0,0,0,0,0,0,0,0,0,0,0,8,16,11
11693,0,Far Rockaway,11052.00000,46471727.17098,NY,Queens,36,081,http://www.usps.com/,0.00000,0.00000,0,0,0,0,0,0,0,0,0,0,0,0,0,0,0,0,0,0,0,0,0,0,0,0,0,0,0,0,0,0,0,0,0,0,0,0,0,0,0,0,0,0,0,0,0,1,2,1
11209,0,Brooklyn,69255.00000,57842313.96123,NY,Kings,36,047,http://www.usps.com/,0.00000,0.00000,0,0,0,0,0,0,0,0,0,0,0,0,0,0,0,0,0,0,0,0,0,0,0,0,0,0,0,0,0,0,0,0,0,0,0,0,0,0,0,0,0,0,0,0,0,20,24,13
10304,0,Staten Island,41502.00000,98226679.79733,NY,Richmond,36,085,http://www.usps.com/,0.00000,0.00000,0,0,0,0,0,0,0,0,0,0,0,0,0,0,0,0,0,0,0,0,0,0,0,0,0,0,0,0,0,0,0,0,0,0,0,0,0,0,0,0,0,0,0,0,0,13,61,14
10314,0,Staten Island,85430.00000,473985727.13005,NY,Richmond,36,085,http://www.usps.com/,0.00000,0.00000,0,0,0,0,0,0,0,0,0,0,0,0,0,0,0,0,0,0,0,0,0,0,0,0,0,0,0,0,0,0,0,0,0,0,0,0,0,0,0,0,0,0,0,0,0,19,97,13
11228,0,Brooklyn,43080.00000,43893024.73172,NY,Kings,36,047,http://www.usps.com/,0.00000,0.00000,0,0,0,0,0,0,0,0,0,0,0,0,0,0,0,0,0,0,0,0,0,0,0,0,0,0,0,0,0,0,0,0,0,0,0,0,0,0,0,0,0,0,0,0,0,8,17,5
11096,0,Inwood,147.00000,1512446.30549,NY,Queens,36,081,http://www.usps.com/,0.00000,0.00000,,,,,,,,,,,,,,,,,,,,,,,,,,,,,,,,,,,,,,,,,,,,,,0,0,0
10305,0,Staten Island,41746.00000,111441829.31771,NY,Richmond,36,085,http://www.usps.com/,0.00000,0.00000,0,0,0,0,0,0,0,0,0,0,0,0,0,0,0,0,0,0,0,0,0,0,0,0,0,0,0,0,0,0,0,0,0,0,0,0,0,0,0,0,0,0,0,0,0,21,44,4
11229,0,Brooklyn,79608.00000,60119326.14427,NY,Kings,36,047,http://www.usps.com/,0.00000,0.00000,52,32,0.62,20,0.38,0,0,52,100,0,0,2,0.04,0,0,5,0.1,39,0.75,2,0.04,3,0.06,1,0.02,52,100,3,0.06,49,0.94,0,0,0,0,52,100,5,0.1,47,0.9,0,0,52,100,15,25,14
11214,0,Brooklyn,89061.00000,61096539.38915,NY,Kings,36,047,http://www.usps.com/,0.00000,0.00000,10,7,0.7,3,0.3,0,0,10,100,0,0,0,0,0,0,5,0.5,4,0.4,1,0.1,0,0,0,0,10,100,0,0,10,1,0,0,0,0,10,100,2,0.2,8,0.8,0,0,10,100,27,41,19
11691,0,Far Rockaway,60267.00000,83927815.11235,NY,Queens,36,081,http://www.usps.com/,0.00000,0.00000,37,12,0.32,25,0.68,0,0,37,100,0,0,0,0,0,0,0,0,37,1,0,0,0,0,0,0,37,100,0,0,37,1,0,0,0,0,37,100,3,0.08,34,0.92,0,0,37,100,21,31,40
11096,0,Inwood,147.00000,111973.73396,NY,Queens,36,081,http://www.usps.com/,0.00000,0.00000,,,,,,,,,,,,,,,,,,,,,,,,,,,,,,,,,,,,,,,,,,,,,,0,0,0
11223,0,Brooklyn,79864.00000,58702923.46630,NY,Kings,36,047,http://www.usps.com/,0.00000,0.00000,109,53,0.49,56,0.51,0,0,109,100,0,0,1,0.01,0,0,7,0.06,95,0.87,1,0.01,5,0.05,0,0,109,100,6,0.06,102,0.94,1,0.01,0,0,109,100,20,0.18,89,0.82,0,0,109,100,18,19,14
11693,0,Far Rockaway,11052.00000,1527599.16447,NY,Queens,36,081,http://www.usps.com/,0.00000,0.00000,0,0,0,0,0,0,0,0,0,0,0,0,0,0,0,0,0,0,0,0,0,0,0,0,0,0,0,0,0,0,0,0,0,0,0,0,0,0,0,0,0,0,0,0,0,0,0,0
11692,0,Arverne,18018.00000,23992395.38119,NY,Queens,36,081,http://www.usps.com/,0.00000,0.00000,0,0,0,0,0,0,0,0,0,0,0,0,0,0,0,0,0,0,0,0,0,0,0,0,0,0,0,0,0,0,0,0,0,0,0,0,0,0,0,0,0,0,0,0,0,6,8,12
11235,0,Brooklyn,76130.00000,69053803.03171,NY,Kings,36,047,http://www.usps.com/,0.00000,0.00000,50,17,0.34,33,0.66,0,0,50,100,0,0,7,0.14,0,0,4,0.08,36,0.72,2,0.04,1,0.02,0,0,50,100,1,0.02,48,0.96,1,0.02,0,0,50,100,4,0.08,46,0.92,0,0,50,100,28,27,18
11693,0,Far Rockaway,11052.00000,12270916.53054,NY,Queens,36,081,http://www.usps.com/,0.00000,0.00000,0,0,0,0,0,0,0,0,0,0,0,0,0,0,0,0,0,0,0,0,0,0,0,0,0,0,0,0,0,0,0,0,0,0,0,0,0,0,0,0,0,0,0,0,0,0,5,1
10306,0,Staten Island,55602.00000,174102872.04866,NY,Richmond,36,085,http://www.usps.com/,0.00000,0.00000,1,0,0,1,1,0,0,1,100,0,0,0,0,0,0,1,1,0,0,0,0,0,0,0,0,1,100,0,0,1,1,0,0,0,0,1,100,0,0,1,1,0,0,1,100,29,52,6
11694,0,Rockaway Park,20163.00000,48101606.61447,NY,Queens,36,081,http://www.usps.com/,0.00000,0.00000,0,0,0,0,0,0,0,0,0,0,0,0,0,0,0,0,0,0,0,0,0,0,0,0,0,0,0,0,0,0,0,0,0,0,0,0,0,0,0,0,0,0,0,0,0,4,43,6
11224,0,Brooklyn,49600.00000,46701983.75364,NY,Kings,36,047,http://www.usps.com/,0.00000,0.00000,93,53,0.57,40,0.43,0,0,93,100,0,0,14,0.15,0,0,7,0.08,4,0.04,60,0.65,8,0.09,0,0,93,100,6,0.06,86,0.92,1,0.01,0,0,93,99,28,0.3,65,0.7,0,0,93,100,2,15,26
10308,0,Staten Island,27612.00000,62751041.81515,NY,Richmond,36,085,http://www.usps.com/,0.00000,0.00000,,,,,,,,,,,,,,,,,,,,,,,,,,,,,,,,,,,,,,,,,,,,,,3,31,0
11697,0,Breezy Point,4079.00000,59789760.61992,NY,Queens,36,081,http://www.usps.com/,0.00000,0.00000,,,,,,,,,,,,,,,,,,,,,,,,,,,,,,,,,,,,,,,,,,,,,,0,6,2
10312,0,Staten Island,58506.00000,169087432.90711,NY,Richmond,36,085,http://www.usps.com/,0.00000,0.00000,0,0,0,0,0,0,0,0,0,0,0,0,0,0,0,0,0,0,0,0,0,0,0,0,0,0,0,0,0,0,0,0,0,0,0,0,0,0,0,0,0,0,0,0,0,30,84,3
10309,0,Staten Island,33114.00000,215835793.51709,NY,Richmond,36,085,http://www.usps.com/,0.00000,0.00000,0,0,0,0,0,0,0,0,0,0,0,0,0,0,0,0,0,0,0,0,0,0,0,0,0,0,0,0,0,0,0,0,0,0,0,0,0,0,0,0,0,0,0,0,0,18,62,1
10307,0,Staten Island,14096.00000,46028382.62976,NY,Richmond,36,085,http://www.usps.com/,0.00000,0.00000,0,0,0,0,0,0,0,0,0,0,0,0,0,0,0,0,0,0,0,0,0,0,0,0,0,0,0,0,0,0,0,0,0,0,0,0,0,0,0,0,0,0,0,0,0,3,14,1
10280,0,New York,3170.00000,2234114.00737,NY,New York,36,061,http://www.usps.com/,0.00000,0.00000,0,0,0,0,0,0,0,0,0,0,0,0,0,0,0,0,0,0,0,0,0,0,0,0,0,0,0,0,0,0,0,0,0,0,0,0,0,0,0,0,0,0,0,0,0,0,1,0
11372,0,Jackson Heights,66636.00000,20163283.87432,NY,Queens,36,081,http://www.usps.com/,0.00000,0.00000,2,1,0.5,1,0.5,0,0,2,100,0,0,2,1,0,0,0,0,0,0,0,0,0,0,0,0,2,100,0,0,2,1,0,0,0,0,2,100,1,0.5,1,0.5,0,0,2,100,6,31,20
11004,0,Glen Oaks,11776.00000,22606526.91357,NY,Queens,36,081,http://www.usps.com/,0.00000,0.00000,,,,,,,,,,,,,,,,,,,,,,,,,,,,,,,,,,,,,,,,,,,,,,0,9,0
11040,0,New Hyde Park,2349.00000,6269333.41195,NY,Queens,36,081,http://www.usps.com/,0.00000,0.00000,,,,,,,,,,,,,,,,,,,,,,,,,,,,,,,,,,,,,,,,,,,,,,0,2,0
11426,0,Bellerose,20050.00000,49609163.53943,NY,Queens,36,081,http://www.usps.com/,0.00000,0.00000,0,0,0,0,0,0,0,0,0,0,0,0,0,0,0,0,0,0,0,0,0,0,0,0,0,0,0,0,0,0,0,0,0,0,0,0,0,0,0,0,0,0,0,0,0,5,21,3
11365,0,Fresh Meadows,40528.00000,69385865.59474,NY,Queens,36,081,http://www.usps.com/,0.00000,0.00000,0,0,0,0,0,0,0,0,0,0,0,0,0,0,0,0,0,0,0,0,0,0,0,0,0,0,0,0,0,0,0,0,0,0,0,0,0,0,0,0,0,0,0,0,0,7,38,3
11001,0,Floral Park,3944.00000,9155180.26276,NY,Queens,36,081,http://www.usps.com/,0.00000,0.00000,0,0,0,0,0,0,0,0,0,0,0,0,0,0,0,0,0,0,0,0,0,0,0,0,0,0,0,0,0,0,0,0,0,0,0,0,0,0,0,0,0,0,0,0,0,2,4,1
11375,0,Forest Hills,68555.00000,55587771.83449,NY,Queens,36,081,http://www.usps.com/,0.00000,0.00000,5,2,0.4,3,0.6,0,0,5,100,0,0,2,0.4,0,0,0,0,0,0,3,0.6,0,0,0,0,5,100,0,0,5,1,0,0,0,0,5,100,1,0.2,4,0.8,0,0,5,100,25,39,6
11427,0,Queens Village,21942.00000,39435767.41730,NY,Queens,36,081,http://www.usps.com/,0.00000,0.00000,2,0,0,2,1,0,0,2,100,0,0,1,0.5,0,0,0,0,0,0,1,0.5,0,0,0,0,2,100,1,0.5,1,0.5,0,0,0,0,2,100,0,0,2,1,0,0,2,100,2,40,0
11374,0,Rego Park,42755.00000,25203558.58102,NY,Queens,36,081,http://www.usps.com/,0.00000,0.00000,2,0,0,2,1,0,0,2,100,0,0,0,0,0,0,0,0,1,0.5,1,0.5,0,0,0,0,2,100,0,0,2,1,0,0,0,0,2,100,0,0,2,1,0,0,2,100,5,21,11
11366,0,Fresh Meadows,13168.00000,20358592.75025,NY,Queens,36,081,http://www.usps.com/,0.00000,0.00000,0,0,0,0,0,0,0,0,0,0,0,0,0,0,0,0,0,0,0,0,0,0,0,0,0,0,0,0,0,0,0,0,0,0,0,0,0,0,0,0,0,0,0,0,0,3,18,1
11423,0,Hollis,30243.00000,45095032.10092,NY,Queens,36,081,http://www.usps.com/,0.00000,0.00000,0,0,0,0,0,0,0,0,0,0,0,0,0,0,0,0,0,0,0,0,0,0,0,0,0,0,0,0,0,0,0,0,0,0,0,0,0,0,0,0,0,0,0,0,0,5,15,7
11428,0,Queens Village,18818.00000,21927545.49233,NY,Queens,36,081,http://www.usps.com/,0.00000,0.00000,0,0,0,0,0,0,0,0,0,0,0,0,0,0,0,0,0,0,0,0,0,0,0,0,0,0,0,0,0,0,0,0,0,0,0,0,0,0,0,0,0,0,0,0,0,3,28,4
11432,0,Jamaica,62075.00000,60177575.63806,NY,Queens,36,081,http://www.usps.com/,0.00000,0.00000,2,2,1,0,0,0,0,2,100,0,0,0,0,0,0,1,0.5,0,0,1,0.5,0,0,0,0,2,100,0,0,2,1,0,0,0,0,2,100,0,0,2,1,0,0,2,100,26,44,20
11379,0,Middle Village,35428.00000,57622817.04538,NY,Queens,36,081,http://www.usps.com/,0.00000,0.00000,0,0,0,0,0,0,0,0,0,0,0,0,0,0,0,0,0,0,0,0,0,0,0,0,0,0,0,0,0,0,0,0,0,0,0,0,0,0,0,0,0,0,0,0,0,14,33,9
11429,0,Queens Village,25116.00000,39559398.28453,NY,Queens,36,081,http://www.usps.com/,0.00000,0.00000,0,0,0,0,0,0,0,0,0,0,0,0,0,0,0,0,0,0,0,0,0,0,0,0,0,0,0,0,0,0,0,0,0,0,0,0,0,0,0,0,0,0,0,0,0,11,14,6
11435,0,Jamaica,53404.00000,42105899.15651,NY,Queens,36,081,http://www.usps.com/,0.00000,0.00000,0,0,0,0,0,0,0,0,0,0,0,0,0,0,0,0,0,0,0,0,0,0,0,0,0,0,0,0,0,0,0,0,0,0,0,0,0,0,0,0,0,0,0,0,0,14,38,20
11415,0,Kew Gardens,18990.00000,16802279.50941,NY,Queens,36,081,http://www.usps.com/,0.00000,0.00000,11,6,0.55,5,0.45,0,0,11,100,0,0,0,0,0,0,0,0,11,1,0,0,0,0,0,0,11,100,1,0.09,10,0.91,0,0,0,0,11,100,5,0.45,6,0.55,0,0,11,100,5,27,8
11418,0,Richmond Hill,36607.00000,32025130.92279,NY,Queens,36,081,http://www.usps.com/,0.00000,0.00000,4,2,0.5,2,0.5,0,0,4,100,0,0,1,0.25,0,0,0,0,0,0,1,0.25,1,0.25,1,0.25,4,100,0,0,4,1,0,0,0,0,4,100,1,0.25,3,0.75,0,0,4,100,18,26,16
11433,0,Jamaica,33679.00000,47739432.59653,NY,Queens,36,081,http://www.usps.com/,0.00000,0.00000,0,0,0,0,0,0,0,0,0,0,0,0,0,0,0,0,0,0,0,0,0,0,0,0,0,0,0,0,0,0,0,0,0,0,0,0,0,0,0,0,0,0,0,0,0,24,29,22
11451,0,Jamaica,0.00000,487599.72679,NY,Queens,36,081,http://www.usps.com/,0.00000,0.00000,0,0,0,0,0,0,0,0,0,0,0,0,0,0,0,0,0,0,0,0,0,0,0,0,0,0,0,0,0,0,0,0,0,0,0,0,0,0,0,0,0,0,0,0,0,0,0,0
11221,0,Brooklyn,80232.00000,38580480.43431,NY,Kings,36,047,http://www.usps.com/,0.00000,0.00000,0,0,0,0,0,0,0,0,0,0,0,0,0,0,0,0,0,0,0,0,0,0,0,0,0,0,0,0,0,0,0,0,0,0,0,0,0,0,0,0,0,0,0,0,0,26,63,43
11421,0,Woodhaven,39014.00000,24314441.76391,NY,Queens,36,081,http://www.usps.com/,0.00000,0.00000,0,0,0,0,0,0,0,0,0,0,0,0,0,0,0,0,0,0,0,0,0,0,0,0,0,0,0,0,0,0,0,0,0,0,0,0,0,0,0,0,0,0,0,0,0,17,26,6
11419,0,South Richmond Hill,47054.00000,31278858.10252,NY,Queens,36,081,http://www.usps.com/,0.00000,0.00000,1,0,0,1,1,0,0,1,100,0,0,0,0,0,0,0,0,0,0,1,1,0,0,0,0,1,100,0,0,1,1,0,0,0,0,1,100,0,0,1,1,0,0,1,100,20,21,15
11434,0,Jamaica,57989.00000,87379704.15784,NY,Queens,36,081,http://www.usps.com/,0.00000,0.00000,4,1,0.25,3,0.75,0,0,4,100,0,0,0,0,0,0,0,0,0,0,4,1,0,0,0,0,4,100,1,0.25,3,0.75,0,0,0,0,4,100,0,0,4,1,0,0,4,100,19,66,23
11216,0,Brooklyn,53862.00000,26478229.26344,NY,Kings,36,047,http://www.usps.com/,0.00000,0.00000,0,0,0,0,0,0,0,0,0,0,0,0,0,0,0,0,0,0,0,0,0,0,0,0,0,0,0,0,0,0,0,0,0,0,0,0,0,0,0,0,0,0,0,0,0,23,15,29
11416,0,Ozone Park,25423.00000,18854849.80130,NY,Queens,36,081,http://www.usps.com/,0.00000,0.00000,0,0,0,0,0,0,0,0,0,0,0,0,0,0,0,0,0,0,0,0,0,0,0,0,0,0,0,0,0,0,0,0,0,0,0,0,0,0,0,0,0,0,0,0,0,13,16,6
11233,0,Brooklyn,66737.00000,37871693.68225,NY,Kings,36,047,http://www.usps.com/,0.00000,0.00000,14,6,0.43,8,0.57,0,0,14,100,0,0,0,0,0,0,0,0,4,0.29,9,0.64,1,0.07,0,0,14,100,0,0,14,1,0,0,0,0,14,100,5,0.36,9,0.64,0,0,14,100,19,56,34
10055,1,New York,12.00000,37223.53879,NY,New York,36,061,http://www.usps.com/,0.00000,0.00000,,,,,,,,,,,,,,,,,,,,,,,,,,,,,,,,,,,,,,,,,,,,,,0,0,0
10019,0,New York,41966.00000,18828383.11680,NY,New York,36,061,http://www.usps.com/,0.00000,0.00000,0,0,0,0,0,0,0,0,0,0,0,0,0,0,0,0,0,0,0,0,0,0,0,0,0,0,0,0,0,0,0,0,0,0,0,0,0,0,0,0,0,0,0,0,0,16,1,14
10111,0,New York,0.00000,103066.25327,NY,New York,36,061,http://www.usps.com/,0.00000,0.00000,,,,,,,,,,,,,,,,,,,,,,,,,,,,,,,,,,,,,,,,,,,,,,0,0,0
10153,1,New York,0.00000,80339.64723,NY,New York,36,061,http://www.usps.com/,0.00000,0.00000,,,,,,,,,,,,,,,,,,,,,,,,,,,,,,,,,,,,,,,,,,,,,,0,0,0
10154,1,New York,0.00000,79148.80239,NY,New York,36,061,http://www.usps.com/,0.00000,0.00000,0,0,0,0,0,0,0,0,0,0,0,0,0,0,0,0,0,0,0,0,0,0,0,0,0,0,0,0,0,0,0,0,0,0,0,0,0,0,0,0,0,0,0,0,0,0,0,0
10152,1,New York,0.00000,59924.99827,NY,New York,36,061,http://www.usps.com/,0.00000,0.00000,,,,,,,,,,,,,,,,,,,,,,,,,,,,,,,,,,,,,,,,,,,,,,0,0,0
10115,0,New York,0.00000,71720.11547,NY,New York,36,061,http://www.usps.com/,0.00000,0.00000,0,0,0,0,0,0,0,0,0,0,0,0,0,0,0,0,0,0,0,0,0,0,0,0,0,0,0,0,0,0,0,0,0,0,0,0,0,0,0,0,0,0,0,0,0,0,0,0
10022,0,New York,33135.00000,12728335.62305,NY,New York,36,061,http://www.usps.com/,0.00000,0.00000,1,1,1,0,0,0,0,1,100,0,0,0,0,0,0,1,1,0,0,0,0,0,0,0,0,1,100,0,0,1,1,0,0,0,0,1,100,0,0,1,1,0,0,1,100,6,6,2
11370,0,Bronx,40591.00000,18190205.18664,NY,Bronx,36,005,http://www.usps.com/,0.00000,0.00000,0,0,0,0,0,0,0,0,0,0,0,0,0,0,0,0,0,0,0,0,0,0,0,0,0,0,0,0,0,0,0,0,0,0,0,0,0,0,0,0,0,0,0,0,0,0,0,36
10065,0,New York,33459.00000,11442579.54737,NY,New York,36,061,http://www.usps.com/,0.00000,0.00000,0,0,0,0,0,0,0,0,0,0,0,0,0,0,0,0,0,0,0,0,0,0,0,0,0,0,0,0,0,0,0,0,0,0,0,0,0,0,0,0,0,0,0,0,0,7,8,2
10075,0,New York,25203.00000,4809654.27649,NY,New York,36,061,http://www.usps.com/,0.00000,0.00000,,,,,,,,,,,,,,,,,,,,,,,,,,,,,,,,,,,,,,,,,,,,,,1,0,2
10069,0,New York,5850.00000,2372365.88905,NY,New York,36,061,http://www.usps.com/,0.00000,0.00000,,,,,,,,,,,,,,,,,,,,,,,,,,,,,,,,,,,,,,,,,,,,,,0,0,0
10281,0,New York,4017.00000,955857.82189,NY,New York,36,061,http://www.usps.com/,0.00000,0.00000,,,,,,,,,,,,,,,,,,,,,,,,,,,,,,,,,,,,,,,,,,,,,,0,0,0
10282,0,New York,4139.00000,1562844.98745,NY,New York,36,061,http://www.usps.com/,0.00000,0.00000,,,,,,,,,,,,,,,,,,,,,,,,,,,,,,,,,,,,,,,,,,,,,,0,0,0
11211,0,Brooklyn,60861.00000,40470881.67128,NY,Kings,36,047,http://www.usps.com/,0.00000,0.00000,34,31,0.91,3,0.09,0,0,34,100,0,0,2,0.06,0,0,1,0.03,28,0.82,1,0.03,2,0.06,0,0,34,100,0,0,34,1,0,0,0,0,34,100,22,0.65,12,0.35,0,0,34,100,20,27,16
11373,0,Elmhurst,101282.00000,42654860.33721,NY,Queens,36,081,http://www.usps.com/,0.00000,0.00000,3,3,1,0,0,0,0,3,100,0,0,0,0,0,0,0,0,3,1,0,0,0,0,0,0,3,100,0,0,3,1,0,0,0,0,3,100,1,0.33,2,0.67,0,0,3,100,21,38,14
10279,1,New York,0.00000,28664.70581,NY,New York,36,061,http://www.usps.com/,0.00000,0.00000,,,,,,,,,,,,,,,,,,,,,,,,,,,,,,,,,,,,,,,,,,,,,,0,0,0
10165,1,New York,0.00000,40779.81520,NY,New York,36,061,http://www.usps.com/,0.00000,0.00000,,,,,,,,,,,,,,,,,,,,,,,,,,,,,,,,,,,,,,,,,,,,,,0,0,0
10168,1,New York,0.00000,27810.12206,NY,New York,36,061,http://www.usps.com/,0.00000,0.00000,,,,,,,,,,,,,,,,,,,,,,,,,,,,,,,,,,,,,,,,,,,,,,0,0,0
10105,1,New York,0.00000,35422.15675,NY,New York,36,061,http://www.usps.com/,0.00000,0.00000,,,,,,,,,,,,,,,,,,,,,,,,,,,,,,,,,,,,,,,,,,,,,,0,0,0
10118,1,New York,0.00000,91733.71537,NY,New York,36,061,http://www.usps.com/,0.00000,0.00000,,,,,,,,,,,,,,,,,,,,,,,,,,,,,,,,,,,,,,,,,,,,,,0,0,0
10176,1,New York,0.00000,18289.08973,NY,New York,36,061,http://www.usps.com/,0.00000,0.00000,,,,,,,,,,,,,,,,,,,,,,,,,,,,,,,,,,,,,,,,,,,,,,0,0,0
10170,1,New York,0.00000,61793.17513,NY,New York,36,061,http://www.usps.com/,0.00000,0.00000,,,,,,,,,,,,,,,,,,,,,,,,,,,,,,,,,,,,,,,,,,,,,,0,0,0
10112,1,New York,0.00000,164078.16778,NY,New York,36,061,http://www.usps.com/,0.00000,0.00000,,,,,,,,,,,,,,,,,,,,,,,,,,,,,,,,,,,,,,,,,,,,,,0,0,0
10122,1,New York,0.00000,23294.63810,NY,New York,36,061,http://www.usps.com/,0.00000,0.00000,,,,,,,,,,,,,,,,,,,,,,,,,,,,,,,,,,,,,,,,,,,,,,0,0,0
10107,1,New York,0.00000,23030.17590,NY,New York,36,061,http://www.usps.com/,0.00000,0.00000,,,,,,,,,,,,,,,,,,,,,,,,,,,,,,,,,,,,,,,,,,,,,,0,0,0
10103,1,New York,0.00000,62713.25341,NY,New York,36,061,http://www.usps.com/,0.00000,0.00000,,,,,,,,,,,,,,,,,,,,,,,,,,,,,,,,,,,,,,,,,,,,,,0,0,0
10174,1,New York,0.00000,44203.22555,NY,New York,36,061,http://www.usps.com/,0.00000,0.00000,,,,,,,,,,,,,,,,,,,,,,,,,,,,,,,,,,,,,,,,,,,,,,0,0,0
10166,1,New York,0.00000,110438.62317,NY,New York,36,061,http://www.usps.com/,0.00000,0.00000,,,,,,,,,,,,,,,,,,,,,,,,,,,,,,,,,,,,,,,,,,,,,,0,0,0
10169,1,New York,0.00000,66246.34637,NY,New York,36,061,http://www.usps.com/,0.00000,0.00000,,,,,,,,,,,,,,,,,,,,,,,,,,,,,,,,,,,,,,,,,,,,,,0,0,0
10167,1,New York,0.00000,80926.18724,NY,New York,36,061,http://www.usps.com/,0.00000,0.00000,,,,,,,,,,,,,,,,,,,,,,,,,,,,,,,,,,,,,,,,,,,,,,0,0,0
10177,1,New York,0.00000,24688.05110,NY,New York,36,061,http://www.usps.com/,0.00000,0.00000,,,,,,,,,,,,,,,,,,,,,,,,,,,,,,,,,,,,,,,,,,,,,,0,0,0
10172,1,New York,0.00000,79589.10010,NY,New York,36,061,http://www.usps.com/,0.00000,0.00000,,,,,,,,,,,,,,,,,,,,,,,,,,,,,,,,,,,,,,,,,,,,,,0,0,0
10171,1,New York,0.00000,23525.08592,NY,New York,36,061,http://www.usps.com/,0.00000,0.00000,,,,,,,,,,,,,,,,,,,,,,,,,,,,,,,,,,,,,,,,,,,,,,0,0,0
10270,1,New York,0.00000,31255.80043,NY,New York,36,061,http://www.usps.com/,0.00000,0.00000,,,,,,,,,,,,,,,,,,,,,,,,,,,,,,,,,,,,,,,,,,,,,,0,0,0
10104,1,New York,0.00000,89721.85255,NY,New York,36,061,http://www.usps.com/,0.00000,0.00000,,,,,,,,,,,,,,,,,,,,,,,,,,,,,,,,,,,,,,,,,,,,,,0,0,0
10271,1,New York,0.00000,49236.87720,NY,New York,36,061,http://www.usps.com/,0.00000,0.00000,,,,,,,,,,,,,,,,,,,,,,,,,,,,,,,,,,,,,,,,,,,,,,0,0,0
10110,1,New York,0.00000,21249.06352,NY,New York,36,061,http://www.usps.com/,0.00000,0.00000,,,,,,,,,,,,,,,,,,,,,,,,,,,,,,,,,,,,,,,,,,,,,,0,0,0
10175,1,New York,0.00000,18685.39453,NY,New York,36,061,http://www.usps.com/,0.00000,0.00000,,,,,,,,,,,,,,,,,,,,,,,,,,,,,,,,,,,,,,,,,,,,,,0,0,0
10151,1,New York,0.00000,21380.26838,NY,New York,36,061,http://www.usps.com/,0.00000,0.00000,,,,,,,,,,,,,,,,,,,,,,,,,,,,,,,,,,,,,,,,,,,,,,0,0,0
10173,1,New York,0.00000,25689.42059,NY,New York,36,061,http://www.usps.com/,0.00000,0.00000,,,,,,,,,,,,,,,,,,,,,,,,,,,,,,,,,,,,,,,,,,,,,,0,0,0
10178,1,New York,0.00000,51303.03763,NY,New York,36,061,http://www.usps.com/,0.00000,0.00000,,,,,,,,,,,,,,,,,,,,,,,,,,,,,,,,,,,,,,,,,,,,,,0,0,0
10121,1,New York,0.00000,115104.79935,NY,New York,36,061,http://www.usps.com/,0.00000,0.00000,,,,,,,,,,,,,,,,,,,,,,,,,,,,,,,,,,,,,,,,,,,,,,0,0,0
10123,1,New York,0.00000,16138.53697,NY,New York,36,061,http://www.usps.com/,0.00000,0.00000,,,,,,,,,,,,,,,,,,,,,,,,,,,,,,,,,,,,,,,,,,,,,,0,0,0
10106,1,New York,0.00000,31052.55279,NY,New York,36,061,http://www.usps.com/,0.00000,0.00000,,,,,,,,,,,,,,,,,,,,,,,,,,,,,,,,,,,,,,,,,,,,,,0,0,0
10158,1,New York,0.00000,35395.77014,NY,New York,36,061,http://www.usps.com/,0.00000,0.00000,,,,,,,,,,,,,,,,,,,,,,,,,,,,,,,,,,,,,,,,,,,,,,0,0,0
10041,1,New York,0.00000,162236.64686,NY,New York,36,061,http://www.usps.com/,0.00000,0.00000,,,,,,,,,,,,,,,,,,,,,,,,,,,,,,,,,,,,,,,,,,,,,,0,0,0
10120,1,New York,0.00000,35179.27222,NY,New York,36,061,http://www.usps.com/,0.00000,0.00000,,,,,,,,,,,,,,,,,,,,,,,,,,,,,,,,,,,,,,,,,,,,,,0,0,0
10278,1,New York,0.00000,206705.99518,NY,New York,36,061,http://www.usps.com/,0.00000,0.00000,0,0,0,0,0,0,0,0,0,0,0,0,0,0,0,0,0,0,0,0,0,0,0,0,0,0,0,0,0,0,0,0,0,0,0,0,0,0,0,0,0,0,0,0,0,0,0,0
10155,1,New York,0.00000,24784.68854,NY,New York,36,061,http://www.usps.com/,0.00000,0.00000,,,,,,,,,,,,,,,,,,,,,,,,,,,,,,,,,,,,,,,,,,,,,,0,0,0
10043,1,New York,0.00000,38262.36481,NY,New York,36,061,http://www.usps.com/,0.00000,0.00000,,,,,,,,,,,,,,,,,,,,,,,,,,,,,,,,,,,,,,,,,,,,,,0,0,0
10081,1,New York,0.00000,30240.50545,NY,New York,36,061,http://www.usps.com/,0.00000,0.00000,,,,,,,,,,,,,,,,,,,,,,,,,,,,,,,,,,,,,,,,,,,,,,0,0,0
10096,1,New York,0.00000,42106.11469,NY,New York,36,061,http://www.usps.com/,0.00000,0.00000,,,,,,,,,,,,,,,,,,,,,,,,,,,,,,,,,,,,,,,,,,,,,,0,0,0
10097,1,New York,0.00000,65826.17798,NY,New York,36,061,http://www.usps.com/,0.00000,0.00000,,,,,,,,,,,,,,,,,,,,,,,,,,,,,,,,,,,,,,,,,,,,,,0,0,0
10196,1,New York,0.00000,32502.44033,NY,New York,36,061,http://www.usps.com/,0.00000,0.00000,,,,,,,,,,,,,,,,,,,,,,,,,,,,,,,,,,,,,,,,,,,,,,0,0,0
10196,1,New York,0.00000,3154.82497,NY,New York,36,061,http://www.usps.com/,0.00000,0.00000,,,,,,,,,,,,,,,,,,,,,,,,,,,,,,,,,,,,,,,,,,,,,,0,0,0
10275,1,New York,0.00000,48280.41500,NY,New York,36,061,http://www.usps.com/,0.00000,0.00000,,,,,,,,,,,,,,,,,,,,,,,,,,,,,,,,,,,,,,,,,,,,,,0,0,0
10265,1,New York,0.00000,17229.15496,NY,New York,36,061,http://www.usps.com/,0.00000,0.00000,,,,,,,,,,,,,,,,,,,,,,,,,,,,,,,,,,,,,,,,,,,,,,0,0,0
10045,1,New York,0.00000,47808.98541,NY,New York,36,061,http://www.usps.com/,0.00000,0.00000,0,0,0,0,0,0,0,0,0,0,0,0,0,0,0,0,0,0,0,0,0,0,0,0,0,0,0,0,0,0,0,0,0,0,0,0,0,0,0,0,0,0,0,0,0,0,0,0
10047,1,New York,0.00000,10149.77968,NY,New York,36,061,http://www.usps.com/,0.00000,0.00000,,,,,,,,,,,,,,,,,,,,,,,,,,,,,,,,,,,,,,,,,,,,,,0,0,0
10047,1,New York,0.00000,10149.77968,NY,New York,36,061,http://www.usps.com/,0.00000,0.00000,,,,,,,,,,,,,,,,,,,,,,,,,,,,,,,,,,,,,,,,,,,,,,0,0,0
10080,1,New York,0.00000,77111.44771,NY,New York,36,061,http://www.usps.com/,0.00000,0.00000,,,,,,,,,,,,,,,,,,,,,,,,,,,,,,,,,,,,,,,,,,,,,,0,0,0
10203,1,New York,0.00000,37226.88358,NY,New York,36,061,http://www.usps.com/,0.00000,0.00000,,,,,,,,,,,,,,,,,,,,,,,,,,,,,,,,,,,,,,,,,,,,,,0,0,0
10259,1,New York,0.00000,21064.31295,NY,New York,36,061,http://www.usps.com/,0.00000,0.00000,,,,,,,,,,,,,,,,,,,,,,,,,,,,,,,,,,,,,,,,,,,,,,0,0,0
10260,1,New York,0.00000,52514.73508,NY,New York,36,061,http://www.usps.com/,0.00000,0.00000,,,,,,,,,,,,,,,,,,,,,,,,,,,,,,,,,,,,,,,,,,,,,,0,0,0
10285,1,New York,0.00000,67350.38896,NY,New York,36,061,http://www.usps.com/,0.00000,0.00000,,,,,,,,,,,,,,,,,,,,,,,,,,,,,,,,,,,,,,,,,,,,,,0,0,0
10286,1,New York,0.00000,11264.41238,NY,New York,36,061,http://www.usps.com/,0.00000,0.00000,,,,,,,,,,,,,,,,,,,,,,,,,,,,,,,,,,,,,,,,,,,,,,0,0,0
10035,0,New York,34884.00000,23494871.46477,NY,New York,36,061,http://www.usps.com/,0.00000,0.00000,0,0,0,0,0,0,0,0,0,0,0,0,0,0,0,0,0,0,0,0,0,0,0,0,0,0,0,0,0,0,0,0,0,0,0,0,0,0,0,0,0,0,0,0,0,0,0,4
11371,0,Flushing,0.00000,30558474.90784,NY,Queens,36,081,http://www.usps.com/,0.00000,0.00000,0,0,0,0,0,0,0,0,0,0,0,0,0,0,0,0,0,0,0,0,0,0,0,0,0,0,0,0,0,0,0,0,0,0,0,0,0,0,0,0,0,0,0,0,0,0,0,0
11361,0,Bayside,28496.00000,50163518.24335,NY,Queens,36,081,http://www.usps.com/,0.00000,0.00000,0,0,0,0,0,0,0,0,0,0,0,0,0,0,0,0,0,0,0,0,0,0,0,0,0,0,0,0,0,0,0,0,0,0,0,0,0,0,0,0,0,0,0,0,0,10,15,3
10036,0,New York,23543.00000,11395110.50959,NY,New York,36,061,http://www.usps.com/,0.00000,0.00000,2,2,1,0,0,0,0,2,100,0,0,0,0,0,0,1,0.5,0,0,1,0.5,0,0,0,0,2,100,0,0,2,1,0,0,0,0,2,100,2,1,0,0,0,0,2,100,13,0,11
11414,0,Howard Beach,26148.00000,63928824.71903,NY,Queens,36,081,http://www.usps.com/,0.00000,0.00000,0,0,0,0,0,0,0,0,0,0,0,0,0,0,0,0,0,0,0,0,0,0,0,0,0,0,0,0,0,0,0,0,0,0,0,0,0,0,0,0,0,0,0,0,0,8,38,3
10310,0,Staten Island,25003.00000,53463275.00249,NY,Richmond,36,085,http://www.usps.com/,0.00000,0.00000,0,0,0,0,0,0,0,0,0,0,0,0,0,0,0,0,0,0,0,0,0,0,0,0,0,0,0,0,0,0,0,0,0,0,0,0,0,0,0,0,0,0,0,0,0,9,26,8
11693,0,Far Rockaway,11052.00000,3497515.77974,NY,Kings,36,047,http://www.usps.com/,0.00000,0.00000,0,0,0,0,0,0,0,0,0,0,0,0,0,0,0,0,0,0,0,0,0,0,0,0,0,0,0,0,0,0,0,0,0,0,0,0,0,0,0,0,0,0,0,0,0,0,0,0
11249,0,Brooklyn,28481.00000,17772206.17012,NY,Kings,36,047,http://www.usps.com/,0.00000,0.00000,,,,,,,,,,,,,,,,,,,,,,,,,,,,,,,,,,,,,,,,,,,,,,7,12,7
10162,1,New York,0.00000,21034.88692,NY,New York,36,061,http://www.usps.com/,0.00000,0.00000,,,,,,,,,,,,,,,,,,,,,,,,,,,,,,,,,,,,,,,,,,,,,,0,0,0
10119,1,New York,0.00000,126392.97355,NY,New York,36,061,http://www.usps.com/,0.00000,0.00000,0,0,0,0,0,0,0,0,0,0,0,0,0,0,0,0,0,0,0,0,0,0,0,0,0,0,0,0,0,0,0,0,0,0,0,0,0,0,0,0,0,0,0,0,0,0,0,0
